{"text": " \u4e00 \u4e00 \u4e00 Yeah, yeah, yeah, yeah, yeah, yeah, yeah, yeah, yeah, yeah, yeah, yeah, yeah, yeah, yeah, yeah, yeah, yeah, yeah, yeah, yeah, yeah, yeah, yeah, yeah, yeah, yeah, yeah, yeah, yeah, yeah, yeah, yeah, yeah, yeah, yeah, yeah, yeah, yeah, yeah, yeah, yeah, yeah, yeah, yeah, yeah, yeah, yeah, yeah, yeah, yeah, yeah, yeah, yeah, yeah, yeah, yeah, yeah, yeah, yeah, yeah, yeah, yeah, yeah, yeah, yeah, yeah, yeah, yeah, yeah, yeah, yeah, yeah, yeah, yeah, yeah, yeah, yeah, yeah, yeah, yeah, yeah, yeah, yeah, yeah, yeah, yeah, yeah, yeah, yeah, you you", "segments": [{"id": 0, "seek": 0, "start": 0.0, "end": 11.72, "text": " \u4e00", "tokens": [50364, 26923, 50950], "temperature": 1.0, "avg_logprob": -3.013376062566584, "compression_ratio": 0.7333333333333333, "no_speech_prob": 0.3886243402957916}, {"id": 1, "seek": 0, "start": 11.72, "end": 18.34, "text": " \u4e00", "tokens": [50950, 26923, 51281], "temperature": 1.0, "avg_logprob": -3.013376062566584, "compression_ratio": 0.7333333333333333, "no_speech_prob": 0.3886243402957916}, {"id": 2, "seek": 0, "start": 18.34, "end": 27.46, "text": " \u4e00", "tokens": [51281, 26923, 51737], "temperature": 1.0, "avg_logprob": -3.013376062566584, "compression_ratio": 0.7333333333333333, "no_speech_prob": 0.3886243402957916}, {"id": 3, "seek": 2746, "start": 27.46, "end": 57.46, "text": " Yeah, yeah, yeah, yeah, yeah, yeah, yeah, yeah, yeah, yeah, yeah, yeah, yeah, yeah, yeah, yeah, yeah, yeah, yeah, yeah, yeah, yeah, yeah, yeah, yeah, yeah, yeah, yeah, yeah, yeah, yeah, yeah, yeah, yeah, yeah, yeah, yeah, yeah, yeah, yeah, yeah, yeah, yeah, yeah, yeah, yeah, yeah, yeah, yeah, yeah, yeah, yeah, yeah, yeah, yeah, yeah, yeah, yeah, yeah, yeah, yeah, yeah, yeah, yeah, yeah, yeah, yeah, yeah, yeah, yeah, yeah, yeah, yeah, yeah, yeah, yeah, yeah, yeah, yeah, yeah, yeah, yeah, yeah, yeah, yeah, yeah, yeah, yeah, yeah, yeah,", "tokens": [50364, 865, 11, 1338, 11, 1338, 11, 1338, 11, 1338, 11, 1338, 11, 1338, 11, 1338, 11, 1338, 11, 1338, 11, 1338, 11, 1338, 11, 1338, 11, 1338, 11, 1338, 11, 1338, 11, 1338, 11, 1338, 11, 1338, 11, 1338, 11, 1338, 11, 1338, 11, 1338, 11, 1338, 11, 1338, 11, 1338, 11, 1338, 11, 1338, 11, 1338, 11, 1338, 11, 1338, 11, 1338, 11, 1338, 11, 1338, 11, 1338, 11, 1338, 11, 1338, 11, 1338, 11, 1338, 11, 1338, 11, 1338, 11, 1338, 11, 1338, 11, 1338, 11, 1338, 11, 1338, 11, 1338, 11, 1338, 11, 1338, 11, 1338, 11, 1338, 11, 1338, 11, 1338, 11, 1338, 11, 1338, 11, 1338, 11, 1338, 11, 1338, 11, 1338, 11, 1338, 11, 1338, 11, 1338, 11, 1338, 11, 1338, 11, 1338, 11, 1338, 11, 1338, 11, 1338, 11, 1338, 11, 1338, 11, 1338, 11, 1338, 11, 1338, 11, 1338, 11, 1338, 11, 1338, 11, 1338, 11, 1338, 11, 1338, 11, 1338, 11, 1338, 11, 1338, 11, 1338, 11, 1338, 11, 1338, 11, 1338, 11, 1338, 11, 1338, 11, 1338, 11, 1338, 11], "temperature": 0.0, "avg_logprob": -0.15829729771876072, "compression_ratio": 26.95, "no_speech_prob": 0.905140221118927}, {"id": 4, "seek": 5746, "start": 57.46, "end": 59.46, "text": " you", "tokens": [50364, 291, 50464], "temperature": 1.0, "avg_logprob": -1.8086731774466378, "compression_ratio": 0.4666666666666667, "no_speech_prob": 0.547936201095581}, {"id": 5, "seek": 5746, "start": 74.78, "end": 76.78, "text": " you", "tokens": [51230, 291, 51330], "temperature": 1.0, "avg_logprob": -1.8086731774466378, "compression_ratio": 0.4666666666666667, "no_speech_prob": 0.547936201095581}], "language": "en"}